{"cameraMode":{"drawMode":0,"name":"Shaded","section":"Shading Mode"},"sceneLighting":false,"audioPlay":false,"sceneViewState":{"showFog":true,"showMaterialUpdate":false,"showSkybox":true,"showFlares":true,"showImageEffects":true,"showParticleSystems":true},"in2DMode":false,"pivot":{"x":-8.965753555297852,"y":9.335002899169922,"z":-46.78099822998047},"rotation":{"x":-0.08740462362766266,"y":0.8597986102104187,"z":-0.1572546660900116,"w":-0.477888822555542},"size":11.544929504394532,"orthographic":false}