{"cameraMode":{"drawMode":0,"name":"Shaded","section":"Shading Mode"},"sceneLighting":false,"audioPlay":false,"sceneViewState":{"showFog":true,"showMaterialUpdate":false,"showSkybox":true,"showFlares":true,"showImageEffects":true,"showParticleSystems":true},"in2DMode":false,"pivot":{"x":0.03141283988952637,"y":0.16047930717468263,"z":-3.046346426010132},"rotation":{"x":0.08462309092283249,"y":-0.9148420095443726,"z":0.2950679361820221,"w":0.262369841337204},"size":8.1182222366333,"orthographic":false}