{"cameraMode":{"drawMode":0,"name":"Shaded","section":"Shading Mode"},"sceneLighting":false,"audioPlay":false,"sceneViewState":{"showFog":true,"showMaterialUpdate":false,"showSkybox":true,"showFlares":true,"showImageEffects":true,"showParticleSystems":true},"in2DMode":false,"pivot":{"x":2.940000057220459,"y":4.539999961853027,"z":-0.9500000476837158},"rotation":{"x":-0.1538855880498886,"y":-0.659761369228363,"z":0.14062374830245973,"w":-0.7219828367233276},"size":3.7578835487365724,"orthographic":false}