{"cameraMode":{"drawMode":0,"name":"Shaded","section":"Shading Mode"},"sceneLighting":false,"audioPlay":false,"sceneViewState":{"showFog":true,"showMaterialUpdate":false,"showSkybox":true,"showFlares":true,"showImageEffects":true,"showParticleSystems":true},"in2DMode":false,"pivot":{"x":2.8399999141693117,"y":5.590000152587891,"z":0.5299999713897705},"rotation":{"x":-0.06489130854606629,"y":0.9348419308662415,"z":-0.2581191956996918,"w":-0.2350197285413742},"size":0.857365608215332,"orthographic":false}