{"cameraMode":{"drawMode":0,"name":"Shaded","section":"Shading Mode"},"sceneLighting":false,"audioPlay":false,"sceneViewState":{"showFog":true,"showMaterialUpdate":false,"showSkybox":true,"showFlares":true,"showImageEffects":true,"showParticleSystems":true},"in2DMode":false,"pivot":{"x":0.014999985694885254,"y":0.4100000858306885,"z":0.0},"rotation":{"x":0.08462309092283249,"y":-0.9148420095443726,"z":0.2950679361820221,"w":0.262369841337204},"size":18.250551223754884,"orthographic":false}