{"cameraMode":{"drawMode":0,"name":"Shaded","section":"Shading Mode"},"sceneLighting":false,"audioPlay":false,"sceneViewState":{"showFog":true,"showMaterialUpdate":false,"showSkybox":true,"showFlares":true,"showImageEffects":true,"showParticleSystems":true},"in2DMode":false,"pivot":{"x":2.319999933242798,"y":5.340000152587891,"z":-6.054941177368164},"rotation":{"x":-0.06489130854606629,"y":0.9348419308662415,"z":-0.2581191956996918,"w":-0.2350197285413742},"size":2.8578836917877199,"orthographic":false}