{"cameraMode":{"drawMode":0,"name":"Shaded","section":"Shading Mode"},"sceneLighting":false,"audioPlay":false,"sceneViewState":{"showFog":true,"showMaterialUpdate":false,"showSkybox":true,"showFlares":true,"showImageEffects":true,"showParticleSystems":true},"in2DMode":false,"pivot":{"x":4.159999847412109,"y":4.3815436363220219,"z":-8.283504486083985},"rotation":{"x":0.08462309092283249,"y":-0.9148420095443726,"z":0.2950679361820221,"w":0.262369841337204},"size":2.8578836917877199,"orthographic":false}