{"cameraMode":{"drawMode":0,"name":"Shaded","section":"Shading Mode"},"sceneLighting":false,"audioPlay":false,"sceneViewState":{"showFog":true,"showMaterialUpdate":false,"showSkybox":true,"showFlares":true,"showImageEffects":true,"showParticleSystems":true},"in2DMode":false,"pivot":{"x":0.0,"y":0.9700000286102295,"z":-3.7139999866485597},"rotation":{"x":-0.07015207409858704,"y":0.9238265156745911,"z":-0.20561593770980836,"w":-0.3151911497116089},"size":6.815286159515381,"orthographic":true}