{"cameraMode":{"drawMode":0,"name":"Shaded","section":"Shading Mode"},"sceneLighting":false,"audioPlay":false,"sceneViewState":{"showFog":true,"showMaterialUpdate":false,"showSkybox":true,"showFlares":true,"showImageEffects":true,"showParticleSystems":true},"in2DMode":false,"pivot":{"x":2.940000057220459,"y":4.539999961853027,"z":-0.9500000476837158},"rotation":{"x":0.09452734142541886,"y":0.9018450975418091,"z":-0.2525083124637604,"w":0.33760884404182436},"size":2.8578836917877199,"orthographic":false}