{"cameraMode":{"drawMode":0,"name":"Shaded","section":"Shading Mode"},"sceneLighting":true,"audioPlay":false,"sceneViewState":{"showFog":true,"showMaterialUpdate":false,"showSkybox":true,"showFlares":true,"showImageEffects":true,"showParticleSystems":true},"in2DMode":false,"pivot":{"x":806.0589599609375,"y":-697.188232421875,"z":335.8453369140625},"rotation":{"x":-0.01415312010794878,"y":-0.9446607828140259,"z":0.3251538574695587,"w":-0.04111868143081665},"size":4985.04833984375,"orthographic":false}